Phenotype,SNP,effect_allele,other_allele,eaf,beta,se,pval
WHR,rs10019888,A,G,0.8133,-0.0208,0.0023,8.05E-20
WHR,rs10049088,T,C,0.3814,-0.0271,0.0018,1.47E-53
WHR,rs10132280,A,C,0.3106,-0.0116,0.0018,3.11E-10
WHR,rs10164099,T,C,0.8742,-0.0149,0.0025,1.17E-09
WHR,rs1017698,A,G,0.5974,-0.0113,0.0018,5.13E-10
WHR,rs1035940,C,G,0.2762,0.012,0.002,1.47E-09
WHR,rs1045241,T,C,0.2816,-0.0123,0.0019,8.86E-11
WHR,rs1045411,T,C,0.2792,-0.0155,0.0019,1.27E-15
WHR,rs10475249,C,G,0.5488,0.0134,0.002,1.29E-11
WHR,rs10490869,A,T,0.7964,-0.0183,0.0022,9.34E-17
WHR,rs10499013,A,G,0.28,-0.0125,0.002,5.10E-10
WHR,rs10745659,C,G,0.5607,-0.0127,0.0018,1.43E-12
WHR,rs10761785,T,G,0.5135,-0.0147,0.0017,6.43E-18
WHR,rs10788569,T,C,0.7235,-0.0134,0.0019,3.98E-12
WHR,rs10827252,A,G,0.4934,-0.0113,0.0018,2.03E-10
WHR,rs10842707,T,C,0.2036,0.0266,0.002,3.91E-39
WHR,rs10851523,C,G,0.2742,-0.0118,0.002,1.79E-09
WHR,rs10876528,A,C,0.351,0.0236,0.0018,8.58E-39
WHR,rs10919388,A,C,0.2729,-0.0266,0.0019,6.40E-43
WHR,rs10923724,T,C,0.5565,0.024,0.0017,1.81E-45
WHR,rs10991433,T,C,0.8956,-0.0254,0.0028,5.73E-20
WHR,rs11030108,A,G,0.3307,0.0154,0.0018,1.21E-17
WHR,rs11176015,T,C,0.293,0.0151,0.002,7.21E-14
WHR,rs11187537,C,G,0.2632,0.013,0.002,1.73E-10
WHR,rs1122080,A,G,0.2045,-0.0131,0.0022,1.60E-09
WHR,rs1124639,T,C,0.4392,-0.0113,0.0017,7.48E-11
WHR,rs1139653,A,T,0.2851,0.0147,0.002,1.15E-13
WHR,rs1142,T,C,0.3344,0.0149,0.0018,2.06E-17
WHR,rs114760566,A,C,0.0432,0.0674,0.0048,2.94E-44
WHR,rs1158805,A,C,0.3797,-0.0133,0.0018,4.95E-13
WHR,rs11654387,C,G,0.4878,0.0161,0.0018,1.45E-19
WHR,rs11724804,A,G,0.4436,-0.0165,0.0018,4.98E-20
WHR,rs11747001,A,G,0.7638,0.0154,0.002,8.39E-15
WHR,rs11764879,A,G,0.2864,-0.0117,0.0019,3.93E-10
WHR,rs11897119,T,C,0.594,-0.0134,0.0017,4.07E-15
WHR,rs1190982,T,C,0.3027,0.0157,0.0019,5.10E-16
WHR,rs11992444,T,G,0.5085,0.0185,0.002,4.99E-21
WHR,rs12024554,T,C,0.2346,-0.0149,0.0023,1.08E-10
WHR,rs12042959,A,G,0.8633,0.0155,0.0025,9.25E-10
WHR,rs12101393,C,G,0.7865,0.014,0.0022,1.19E-10
WHR,rs12140153,T,G,0.091,-0.0214,0.0035,7.64E-10
WHR,rs12206094,T,C,0.2888,-0.0119,0.0019,2.21E-10
WHR,rs12287076,C,G,0.625,0.0192,0.002,3.53E-21
WHR,rs12430764,A,G,0.5164,0.0107,0.0018,1.87E-09
WHR,rs1243188,T,C,0.7061,-0.0148,0.0019,2.37E-14
WHR,rs12440605,A,G,0.5243,0.0118,0.0018,4.02E-11
WHR,rs12449442,A,G,0.2186,0.0172,0.0021,2.55E-16
WHR,rs12459350,A,G,0.5423,0.0134,0.0017,2.23E-15
WHR,rs12469667,A,G,0.2322,-0.013,0.0021,2.82E-10
WHR,rs12494190,A,G,0.4038,-0.0121,0.0018,3.03E-11
WHR,rs12495178,T,C,0.6416,0.0124,0.0018,1.32E-12
WHR,rs12527712,T,C,0.0882,0.0284,0.0033,3.38E-18
WHR,rs12575252,C,G,0.3337,-0.0154,0.0018,2.32E-18
WHR,rs12590238,C,G,0.8339,-0.0141,0.0023,1.55E-09
WHR,rs12593088,A,G,0.3106,-0.0128,0.0019,5.16E-12
WHR,rs12608504,A,G,0.3593,0.0251,0.0018,4.68E-46
WHR,rs12684047,A,T,0.1914,-0.0185,0.0023,3.44E-15
WHR,rs12692387,T,C,0.3315,-0.0124,0.0021,2.90E-09
WHR,rs12777288,T,C,0.7714,-0.0139,0.0021,6.88E-11
WHR,rs12828016,T,G,0.391,-0.0114,0.0018,4.08E-10
WHR,rs1294436,C,G,0.5972,0.023,0.002,1.29E-30
WHR,rs12986231,T,C,0.7288,0.015,0.0022,2.04E-11
WHR,rs13063979,T,G,0.7323,-0.0135,0.0019,1.19E-12
WHR,rs13130484,T,C,0.4294,0.0147,0.0017,7.83E-18
WHR,rs13229637,T,C,0.8538,0.0159,0.0025,1.91E-10
WHR,rs13256367,A,C,0.6534,0.0141,0.0019,5.42E-14
WHR,rs1328757,T,C,0.4743,0.0114,0.0018,1.69E-10
WHR,rs1345203,T,C,0.7829,0.0187,0.0024,3.07E-15
WHR,rs13642,A,T,0.6452,0.0113,0.0019,9.49E-10
WHR,rs1385167,A,G,0.862,-0.0224,0.0024,6.22E-20
WHR,rs1406948,A,G,0.3679,-0.0137,0.0017,4.12E-15
WHR,rs1431659,A,G,0.2736,0.0143,0.002,1.12E-12
WHR,rs1452075,T,C,0.7316,0.0123,0.0019,1.32E-10
WHR,rs15285,T,C,0.2629,-0.0117,0.0019,1.62E-09
WHR,rs1534696,A,C,0.5694,-0.0226,0.0017,3.67E-39
WHR,rs1563355,T,C,0.328,-0.0277,0.0019,1.59E-49
WHR,rs1569135,A,G,0.5372,0.0215,0.0017,2.76E-37
WHR,rs17101456,A,G,0.879,-0.0206,0.0028,7.46E-14
WHR,rs17109256,A,G,0.2324,0.0169,0.0021,2.40E-16
WHR,rs17324331,C,G,0.3136,0.012,0.0019,1.79E-10
WHR,rs17326656,T,G,0.2346,0.0153,0.0021,4.17E-13
WHR,rs17513613,T,C,0.6914,-0.0125,0.0018,5.42E-12
WHR,rs1757471,T,C,0.5081,0.0128,0.0018,5.89E-13
WHR,rs17644283,A,G,0.3879,0.0148,0.0018,3.24E-17
WHR,rs17738166,A,G,0.3974,0.0114,0.0018,3.78E-10
WHR,rs1787013,T,C,0.5586,-0.0108,0.0018,1.33E-09
WHR,rs1789882,A,G,0.1691,0.016,0.0023,9.97E-12
WHR,rs1800437,C,G,0.1876,-0.0209,0.0022,6.23E-22
WHR,rs1805740,T,G,0.7185,-0.0135,0.002,5.64E-12
WHR,rs1822489,A,G,0.3177,0.0122,0.0019,1.52E-10
WHR,rs1974004,T,C,0.1528,0.0173,0.0025,3.85E-12
WHR,rs2061708,C,G,0.5884,0.0152,0.002,2.13E-14
WHR,rs2112347,T,G,0.63,0.015,0.0017,8.41E-18
WHR,rs213624,A,G,0.5263,0.0118,0.0018,3.29E-11
WHR,rs2161097,T,C,0.4408,0.0126,0.0018,2.11E-12
WHR,rs2161228,T,C,0.102,0.0192,0.0029,4.32E-11
WHR,rs2167750,T,C,0.4729,0.0199,0.0018,6.47E-29
WHR,rs2183825,T,C,0.6861,-0.0141,0.0018,4.43E-15
WHR,rs2200155,A,G,0.3722,-0.0133,0.0018,5.07E-13
WHR,rs2236519,A,G,0.3693,0.0212,0.0018,1.89E-30
WHR,rs2276390,T,G,0.3375,-0.021,0.0019,5.76E-28
WHR,rs2291542,T,C,0.3272,0.0168,0.0018,1.74E-20
WHR,rs2294239,A,G,0.5683,0.02,0.0017,3.17E-31
WHR,rs2306589,T,C,0.473,0.016,0.0017,2.52E-21
WHR,rs2398893,A,G,0.7143,0.0157,0.0019,9.01E-17
WHR,rs2455848,T,C,0.3137,0.0128,0.0018,1.83E-12
WHR,rs2503099,A,G,0.8346,-0.0214,0.0023,8.30E-20
WHR,rs2526886,T,G,0.69,0.0125,0.0021,3.65E-09
WHR,rs2613505,T,C,0.8197,0.0161,0.0022,1.01E-13
WHR,rs2715135,T,G,0.3706,0.0109,0.0018,4.09E-09
WHR,rs28446899,T,C,0.078,0.0362,0.0037,7.92E-23
WHR,rs28451064,A,G,0.1268,0.0177,0.003,4.23E-09
WHR,rs2903995,A,T,0.3781,-0.0122,0.0018,1.61E-11
WHR,rs2925979,T,C,0.2958,0.0215,0.0018,1.62E-31
WHR,rs3092781,T,C,0.451,-0.0145,0.0017,1.92E-17
WHR,rs332105,A,G,0.5544,-0.0139,0.0018,1.12E-14
WHR,rs35169799,T,C,0.0615,0.0373,0.0041,6.26E-20
WHR,rs36061954,T,C,0.3979,0.0146,0.002,3.42E-13
WHR,rs3736485,A,G,0.4564,0.0118,0.0017,3.85E-12
WHR,rs3786897,A,G,0.5805,-0.0237,0.0017,1.45E-43
WHR,rs3825061,T,C,0.387,0.0142,0.0018,5.45E-15
WHR,rs3891424,A,G,0.0527,-0.0278,0.0044,4.00E-10
WHR,rs3903399,T,C,0.7847,-0.0149,0.0022,6.82E-12
WHR,rs39312,A,C,0.6205,-0.0154,0.0018,3.50E-18
WHR,rs3936510,T,G,0.1967,0.0241,0.0021,1.76E-29
WHR,rs409125,A,T,0.628,-0.0182,0.0018,2.08E-23
WHR,rs4239275,T,C,0.4129,0.0118,0.0018,3.26E-11
WHR,rs429358,T,C,0.8459,0.0346,0.0027,4.21E-37
WHR,rs4372913,A,G,0.7875,-0.014,0.0022,8.60E-11
WHR,rs4395620,T,C,0.5756,0.0106,0.0018,3.57E-09
WHR,rs4454042,T,C,0.2734,0.0127,0.002,1.37E-10
WHR,rs4671193,T,C,0.3562,-0.0191,0.0018,4.79E-25
WHR,rs4779526,A,T,0.7568,0.0132,0.0021,2.09E-10
WHR,rs4788204,A,G,0.4594,0.0169,0.0018,2.64E-21
WHR,rs4851284,T,C,0.6685,-0.0151,0.0021,5.62E-13
WHR,rs4894803,A,G,0.6004,0.0149,0.0018,3.74E-16
WHR,rs494752,C,G,0.6548,-0.0154,0.0019,2.31E-16
WHR,rs4964656,C,G,0.3026,-0.0181,0.002,1.96E-20
WHR,rs536665,A,G,0.7979,-0.0171,0.0024,2.18E-12
WHR,rs55747707,A,G,0.1765,-0.0154,0.0023,3.40E-11
WHR,rs55920843,T,G,0.9886,0.0623,0.0092,1.55E-11
WHR,rs579682,T,C,0.7141,-0.0133,0.002,2.02E-11
WHR,rs591939,A,G,0.7547,-0.0177,0.0023,9.11E-15
WHR,rs6021889,A,G,0.7102,0.0203,0.0019,2.46E-27
WHR,rs605066,T,C,0.5834,-0.0192,0.0018,2.38E-26
WHR,rs6130360,A,G,0.8485,0.0151,0.0025,1.13E-09
WHR,rs62095889,A,G,0.3426,-0.0166,0.0021,1.62E-15
WHR,rs62506196,A,C,0.8376,-0.0159,0.0027,2.70E-09
WHR,rs645040,T,G,0.7704,0.0156,0.002,1.15E-14
WHR,rs6474945,T,G,0.4535,-0.0101,0.0017,2.67E-09
WHR,rs6545714,A,G,0.6107,-0.0139,0.0017,8.96E-16
WHR,rs6566233,T,C,0.5152,-0.0128,0.002,7.13E-11
WHR,rs6567160,T,C,0.7532,-0.0263,0.002,2.53E-39
WHR,rs6604731,T,C,0.2997,-0.0116,0.0019,2.55E-09
WHR,rs6658723,T,C,0.4332,0.0145,0.002,2.34E-13
WHR,rs6688233,T,C,0.2394,0.0186,0.0021,3.02E-19
WHR,rs668871,T,C,0.469,-0.0134,0.002,7.19E-12
WHR,rs6699397,A,G,0.6236,-0.0118,0.0017,1.28E-11
WHR,rs6743060,A,C,0.8423,0.0266,0.0022,1.80E-32
WHR,rs6749646,A,T,0.7801,-0.021,0.0022,5.99E-22
WHR,rs6795831,A,C,0.8143,0.0288,0.0023,2.09E-37
WHR,rs6905288,A,G,0.5735,0.0327,0.0017,2.02E-78
WHR,rs6942652,C,G,0.4294,-0.0126,0.0018,2.18E-12
WHR,rs7025089,A,C,0.6792,-0.0118,0.0019,4.29E-10
WHR,rs7070670,T,C,0.3228,-0.0132,0.0021,3.64E-10
WHR,rs711869,A,G,0.5566,-0.0171,0.0018,2.38E-21
WHR,rs7138803,A,G,0.3842,0.0125,0.0018,1.09E-12
WHR,rs7206608,C,G,0.6754,-0.0127,0.0019,2.48E-11
WHR,rs7213608,T,C,0.6826,-0.0171,0.0019,6.95E-19
WHR,rs7217226,T,G,0.6555,-0.0137,0.0018,9.94E-15
WHR,rs72959041,A,G,0.0409,0.126,0.0044,4.56E-183
WHR,rs7311622,T,C,0.4526,-0.0119,0.0018,2.96E-11
WHR,rs733381,A,G,0.7717,0.0122,0.0021,2.82E-09
WHR,rs7395513,A,G,0.4389,-0.0173,0.002,2.46E-18
WHR,rs747249,A,G,0.3588,0.0111,0.0019,2.65E-09
WHR,rs747601,A,T,0.275,-0.0128,0.002,7.27E-11
WHR,rs7492628,C,G,0.6801,-0.0125,0.0019,7.89E-11
WHR,rs7498665,A,G,0.6175,-0.0168,0.0017,1.13E-22
WHR,rs7591387,T,C,0.1024,0.0179,0.0028,9.30E-11
WHR,rs7599312,A,G,0.2732,-0.0114,0.0019,2.36E-09
WHR,rs7647305,T,C,0.2099,-0.0142,0.0021,8.28E-12
WHR,rs76699125,T,C,0.9368,0.032,0.0041,4.96E-15
WHR,rs7744833,A,G,0.6823,0.0125,0.0019,6.88E-11
WHR,rs780159,A,G,0.4292,-0.0133,0.0017,2.86E-14
WHR,rs789351,T,C,0.4202,0.0123,0.0017,7.57E-13
WHR,rs7907173,A,G,0.4511,-0.0109,0.0018,9.43E-10
WHR,rs793456,A,G,0.6045,-0.0106,0.0018,3.56E-09
WHR,rs797486,A,C,0.8938,0.0316,0.0026,1.09E-34
WHR,rs8043060,A,G,0.2217,-0.0166,0.002,8.93E-17
WHR,rs805768,T,C,0.2391,0.0137,0.0023,3.63E-09
WHR,rs8070737,T,G,0.1682,0.016,0.0023,7.39E-12
WHR,rs8071778,C,G,0.1539,-0.016,0.0025,6.62E-11
WHR,rs809955,A,G,0.3669,-0.0155,0.002,2.48E-14
WHR,rs8141715,T,G,0.7545,-0.0136,0.002,1.45E-11
WHR,rs861029,T,C,0.7492,-0.0135,0.002,4.36E-11
WHR,rs863750,T,C,0.5836,0.0259,0.0017,6.20E-51
WHR,rs889398,T,C,0.4146,-0.0171,0.0017,1.99E-23
WHR,rs901630,T,C,0.411,-0.0119,0.0017,6.81E-12
WHR,rs905938,T,C,0.7235,0.0126,0.0019,7.83E-11
WHR,rs9296938,A,G,0.2501,-0.0145,0.002,1.50E-12
WHR,rs9370243,T,G,0.0804,0.0198,0.0032,1.13E-09
WHR,rs946106,T,C,0.7664,-0.017,0.002,2.72E-17
WHR,rs9515201,A,C,0.3068,-0.0121,0.0018,6.63E-11
WHR,rs9644033,A,T,0.7545,0.0188,0.0021,2.10E-19
WHR,rs979012,T,C,0.3637,0.0116,0.0018,7.86E-11
WHR,rs9878908,T,C,0.8126,-0.0193,0.0021,3.38E-20
WHR,rs9923544,T,C,0.4354,0.0389,0.0017,1.18E-113
WHR,rs9976841,A,G,0.3871,-0.0129,0.0018,2.10E-12
WHR,rs998732,A,G,0.8343,0.0165,0.0023,1.04E-12