Exposure,SNP,,effect allele,other allele,eaf,beta,se,p-value
Systolic blood pressure,rs76719272,1:156129796,T,C,0.1286,-0.2394,0.0376,1.98E-10
Systolic blood pressure,rs1043069,1:180859368,T,G,0.6183,0.1995,0.0255,5.19E-15
Systolic blood pressure,rs4651224,1:184585182,T,C,0.4502,0.1944,0.025,7.29E-15
Systolic blood pressure,rs12042924,1:197297417,T,C,0.531,-0.1615,0.0247,6.26E-11
Systolic blood pressure,rs33996239,1:203109801,T,C,0.0609,-0.3538,0.0554,1.71E-10
Systolic blood pressure,rs7555285,1:209970355,C,G,0.8013,0.1961,0.0304,1.09E-10
Systolic blood pressure,rs260508,1:2187085,T,G,0.6135,0.1485,0.0254,5.17E-09
Systolic blood pressure,rs2807337,1:22577371,T,C,0.3691,0.1753,0.0252,3.60E-12
Systolic blood pressure,rs4926499,1:249155909,C,G,0.8245,0.2954,0.0374,2.91E-15
Systolic blood pressure,rs79598313,1:27284913,T,C,0.0251,0.5926,0.0805,1.82E-13
Systolic blood pressure,rs839755,1:43856410,A,C,0.6191,-0.2274,0.0251,1.36E-19
Systolic blood pressure,rs7514579,1:94051350,A,C,0.771,0.1969,0.0293,1.73E-11
Systolic blood pressure,rs17396055,1:94730954,A,G,0.3283,-0.1727,0.0264,5.73E-11
Systolic blood pressure,rs11197813,10:118523933,A,G,0.7026,-0.1801,0.0268,1.84E-11
Systolic blood pressure,rs7912283,10:133773019,A,G,0.3541,0.1943,0.0259,6.76E-14
Systolic blood pressure,rs1133400,10:134459388,A,G,0.7883,-0.2607,0.0303,7.04E-18
Systolic blood pressure,rs34130368,10:48411796,T,G,0.1166,-0.2715,0.0394,5.64E-12
Systolic blood pressure,rs56352451,10:5804865,T,C,0.1329,0.1992,0.0358,2.54E-08
Systolic blood pressure,rs12572586,10:74751579,T,C,0.9369,-0.3646,0.0517,1.83E-12
Systolic blood pressure,rs11031051,11:30355707,A,C,0.6856,-0.1899,0.0264,5.80E-13
Systolic blood pressure,rs190194639,11:34068037,T,C,0.0767,0.2746,0.0468,4.55E-09
Systolic blood pressure,rs1585453,11:46884713,A,T,0.8908,-0.3892,0.0412,3.53E-21
Systolic blood pressure,rs4385883,11:51539339,T,T,0.2877,-0.2331,0.0281,1.17E-16
Systolic blood pressure,rs4980515,11:63744609,T,C,0.4951,0.2086,0.0251,9.07E-17
Systolic blood pressure,rs67976715,11:68023742,C,G,0.231,0.1971,0.0295,2.30E-11
Systolic blood pressure,rs10743086,11:8774923,A,G,0.207,-0.1832,0.0303,1.57E-09
Systolic blood pressure,rs5742643,12:102837863,A,C,0.2504,-0.2236,0.0282,2.15E-15
Systolic blood pressure,rs11112548,12:105871914,A,T,0.9531,0.4608,0.0623,1.44E-13
Systolic blood pressure,rs11571376,12:1059556,C,G,0.7044,-0.1884,0.0271,3.49E-12
Systolic blood pressure,rs2024385,12:12888438,A,T,0.4234,-0.2326,0.0256,1.05E-19
Systolic blood pressure,rs7976167,12:24210599,T,C,0.6858,0.1638,0.0266,7.21E-10
Systolic blood pressure,rs10437954,12:58003922,A,G,0.9036,-0.3471,0.0424,2.64E-16
Systolic blood pressure,rs7963801,12:79685226,T,C,0.4149,-0.2027,0.0256,2.29E-15
Systolic blood pressure,rs10858966,12:90567026,C,G,0.2933,0.254,0.0277,5.56E-20
Systolic blood pressure,rs606950,13:22298923,A,G,0.615,0.2324,0.0253,3.77E-20
Systolic blood pressure,rs9532243,13:32191408,A,C,0.4808,0.2709,0.0243,6.43E-29
Systolic blood pressure,rs73187288,13:42738672,A,C,0.8932,-0.2558,0.04,1.57E-10
Systolic blood pressure,rs912434,13:47189928,T,G,0.7616,0.2151,0.0287,6.27E-14
Systolic blood pressure,rs9526707,13:51489186,A,G,0.3167,-0.1939,0.0264,1.90E-13
Systolic blood pressure,rs78474310,13:73826901,A,G,0.9564,-0.4828,0.06,8.38E-16
Systolic blood pressure,rs7988232,13:79808655,A,G,0.416,0.148,0.0249,2.99E-09
Systolic blood pressure,rs8014182,14:103859962,T,C,0.1357,-0.3397,0.0361,4.99E-21
Systolic blood pressure,rs17115145,14:30122409,T,C,0.397,0.1569,0.025,3.74E-10
Systolic blood pressure,rs72683923,14:50735947,T,C,0.9797,0.9769,0.0934,1.40E-25
Systolic blood pressure,rs11623535,14:72462381,A,G,0.7426,0.2022,0.0277,3.02E-13
Systolic blood pressure,rs11159091,14:75074316,A,G,0.4602,0.1793,0.0246,3.26E-13
Systolic blood pressure,rs4965529,15:100145224,T,C,0.1705,-0.2497,0.0325,1.42E-14
Systolic blood pressure,rs11634028,15:76276150,A,T,0.2069,0.2258,0.0316,9.46E-13
Systolic blood pressure,rs3743157,15:85680532,A,C,0.1668,0.2602,0.0325,1.27E-15
Systolic blood pressure,rs11632436,15:86295286,C,G,0.5013,0.2056,0.0245,5.11E-17
Systolic blood pressure,rs35450617,16:6889675,T,G,0.7,-0.1609,0.0269,2.33E-09
Systolic blood pressure,rs7187540,16:85318302,A,C,0.3368,-0.1766,0.0274,1.08E-10
Systolic blood pressure,rs4925159,17:18185510,A,G,0.4274,0.2281,0.0247,2.27E-20
Systolic blood pressure,rs1551355,17:30032420,T,C,0.2341,0.1932,0.0288,1.96E-11
Systolic blood pressure,rs34430710,17:56876627,A,T,0.6775,-0.2069,0.0264,4.26E-15
Systolic blood pressure,rs1036902,17:58950791,T,C,0.8442,-0.2273,0.0338,1.85E-11
Systolic blood pressure,rs112280096,17:79367409,A,C,0.3604,-0.1706,0.0264,1.13E-10
Systolic blood pressure,rs11876341,18:48799991,A,G,0.6917,-0.2225,0.027,1.93E-16
Systolic blood pressure,rs10048404,18:54578482,T,C,0.3654,-0.2277,0.027,3.10E-17
Systolic blood pressure,rs12454712,18:60845884,T,C,0.6225,0.2038,0.026,4.41E-15
Systolic blood pressure,rs34413141,18:777282,A,T,0.1816,-0.3084,0.0325,2.10E-21
Systolic blood pressure,rs2613765,19:5066330,A,G,0.4697,-0.2336,0.0244,9.01E-22
Systolic blood pressure,rs138877676,19:50935809,T,G,0.0192,-0.6556,0.1034,2.27E-10
Systolic blood pressure,rs28377357,2:112769721,A,G,0.2933,-0.1862,0.0267,3.37E-12
Systolic blood pressure,rs6723509,2:122000745,T,C,0.8597,0.2348,0.0351,2.32E-11
Systolic blood pressure,rs72844590,2:138421227,T,G,0.1489,0.2083,0.0356,4.77E-09
Systolic blood pressure,rs79523138,2:161368213,A,G,0.8849,-0.2629,0.0398,3.82E-11
Systolic blood pressure,rs6739913,2:185033065,A,G,0.2846,0.1675,0.0271,6.40E-10
Systolic blood pressure,rs28558491,2:187816321,T,C,0.735,-0.1874,0.0278,1.47E-11
Systolic blood pressure,rs67720684,2:18975439,A,C,0.239,0.2039,0.0291,2.26E-12
Systolic blood pressure,rs12694277,2:213188795,T,C,0.2966,-0.1765,0.0271,7.61E-11
Systolic blood pressure,rs1044822,2:230629138,T,C,0.1465,-0.2275,0.0348,6.15E-11
Systolic blood pressure,rs139354822,2:242344695,T,C,0.9691,0.5473,0.0768,1.06E-12
Systolic blood pressure,rs35590893,2:43716933,A,G,0.2738,-0.2152,0.0275,4.65E-15
Systolic blood pressure,rs6545155,2:50429861,T,C,0.7825,0.1691,0.0295,9.84E-09
Systolic blood pressure,rs2920899,2:55279681,T,G,0.7861,0.1851,0.0304,1.17E-09
Systolic blood pressure,rs72816333,2:60096560,A,T,0.8282,0.2225,0.0323,5.88E-12
Systolic blood pressure,rs2300481,2:66782467,T,C,0.3857,0.1949,0.0251,8.01E-15
Systolic blood pressure,rs6021247,20:50108980,A,G,0.5327,0.2041,0.0243,4.29E-17
Systolic blood pressure,rs28578714,22:50727921,T,C,0.6071,0.1951,0.0258,4.17E-14
Systolic blood pressure,rs1882289,3:114461208,A,G,0.8841,-0.2159,0.0379,1.26E-08
Systolic blood pressure,rs9875380,3:132780356,T,C,0.4614,-0.1651,0.0245,1.70E-11
Systolic blood pressure,rs863930,3:135949737,A,G,0.5359,0.1629,0.0245,2.89E-11
Systolic blood pressure,rs78151625,3:158316726,T,C,0.8337,-0.2108,0.033,1.60E-10
Systolic blood pressure,rs189267552,3:20073193,A,T,0.0128,-0.783,0.1154,1.14E-11
Systolic blood pressure,rs12638085,3:30405936,A,T,0.3504,0.2132,0.0265,8.36E-16
Systolic blood pressure,rs6788984,3:41107173,A,G,0.8557,0.2558,0.0353,3.96E-13
Systolic blood pressure,rs6774721,3:49381898,C,G,0.8782,0.2457,0.039,3.00E-10
Systolic blood pressure,rs9857362,3:74710462,A,C,0.5308,0.151,0.0247,9.71E-10
Systolic blood pressure,rs7439567,4:138464842,T,C,0.4155,0.2355,0.0251,7.35E-21
Systolic blood pressure,rs17035181,4:157678511,T,G,0.8548,0.2949,0.0348,2.17E-17
Systolic blood pressure,rs2610990,4:18008232,A,G,0.2607,-0.2573,0.028,3.82E-20
Systolic blood pressure,rs231708,4:2694773,C,G,0.6921,-0.2281,0.0264,5.24E-18
Systolic blood pressure,rs12511987,4:46595623,T,G,0.8191,-0.2153,0.0323,2.71E-11
Systolic blood pressure,rs1347345,4:95938386,A,G,0.6163,-0.1792,0.0253,1.45E-12
Systolic blood pressure,rs62373688,5:127352807,A,T,0.129,0.2607,0.0378,5.49E-12
Systolic blood pressure,rs10069690,5:1279790,T,C,0.2591,0.2735,0.029,3.78E-21
Systolic blood pressure,rs702395,5:140086677,T,C,0.4381,0.191,0.0246,8.25E-15
Systolic blood pressure,rs74774746,5:33411769,C,G,0.2612,-0.1705,0.0285,2.08E-09
Systolic blood pressure,rs13179413,5:55868097,T,C,0.2786,0.2045,0.0284,5.57E-13
Systolic blood pressure,rs3121685,5:65662133,T,C,0.4814,-0.1475,0.0246,1.92E-09
Systolic blood pressure,rs246973,5:68007803,T,C,0.2871,0.2244,0.0278,7.25E-16
Systolic blood pressure,rs709668,5:96174186,A,G,0.2027,-0.2534,0.0306,1.24E-16
Systolic blood pressure,rs9401090,6:119113317,T,C,0.7501,0.1637,0.0285,9.25E-09
Systolic blood pressure,rs10782230,6:126228512,A,G,0.4831,0.1995,0.0246,5.27E-16
Systolic blood pressure,rs9885632,6:131311909,T,C,0.7345,0.2102,0.0279,5.07E-14
Systolic blood pressure,rs7763294,6:140383733,T,G,0.3161,-0.1804,0.0263,6.85E-12
Systolic blood pressure,rs2745599,6:1613686,A,G,0.5514,0.1908,0.0253,4.17E-14
Systolic blood pressure,rs9368222,6:20686996,A,C,0.2695,0.2301,0.0273,3.85E-17
Systolic blood pressure,rs34072724,7:130432469,A,G,0.487,-0.2181,0.0244,4.09E-19
Systolic blood pressure,rs12703989,7:140238048,A,G,0.4888,0.1521,0.025,1.26E-09
Systolic blood pressure,rs11771693,7:150050111,A,G,0.6721,0.1673,0.0265,2.72E-10
Systolic blood pressure,rs10274928,7:28142088,A,G,0.4857,0.1592,0.0245,8.68E-11
Systolic blood pressure,rs10233127,7:30933453,A,T,0.1092,0.3025,0.0409,1.48E-13
Systolic blood pressure,rs6593297,7:56122058,A,T,0.2999,0.1581,0.0274,8.38E-09
Systolic blood pressure,rs6963105,7:75097488,A,G,0.4348,-0.1779,0.0263,1.39E-11
Systolic blood pressure,rs848445,7:77572461,T,C,0.2777,-0.2004,0.0279,6.57E-13
Systolic blood pressure,rs1986971,8:10268736,A,G,0.7045,0.2377,0.0274,3.93E-18
Systolic blood pressure,rs4598218,8:129483956,T,C,0.6118,0.1797,0.0254,1.50E-12
Systolic blood pressure,rs4129585,8:143312933,A,C,0.4392,0.1749,0.0246,1.06E-12
Systolic blood pressure,rs1906672,8:38130025,A,G,0.2303,0.2715,0.0291,1.03E-20
Systolic blood pressure,rs6996733,8:60535824,T,C,0.8458,0.1882,0.0341,3.34E-08
Systolic blood pressure,rs72688070,8:81393697,T,C,0.171,-0.241,0.0326,1.56E-13
Systolic blood pressure,rs62491354,8:9730663,A,G,0.1341,0.2565,0.0358,7.82E-13
Systolic blood pressure,rs7023828,9:128498594,T,C,0.4181,-0.2436,0.0249,1.22E-22
Systolic blood pressure,rs1891730,9:130309028,T,C,0.6157,-0.1785,0.0256,2.95E-12
Systolic blood pressure,rs184457,9:131940019,A,G,0.3019,-0.1659,0.0272,1.09E-09
Systolic blood pressure,rs28558845,9:4334791,C,G,0.1551,-0.218,0.0339,1.22E-10
Systolic blood pressure,rs1332813,9:9350706,T,C,0.3491,0.1965,0.0259,3.58E-14
Systolic blood pressure,rs7045409,9:95201540,A,T,0.3702,-0.1823,0.0255,9.15E-13